{
  "color-primary-100": "#F0DF67",
  "color-primary-200": "#F3E585",
  "color-primary-300": "#F6ECA4",
  "color-primary-400": "#F9F2C2",
  "color-primary-500": "#FCF9C1",
  "color-emerald-100": "#949398",
  "color-emerald-200": "#A9A9AD",
  "color-emerald-300": "#BFBEC1",
  "color-emerald-400": "#D4D4D6",
  "color-emerald-500": "#EAE9EA",
  "color-corn-100": "#FFF279",
  "color-corn-200": "#FFF494",
  "color-corn-300": "#FFF7AF",
  "color-corn-400": "#FFFAC9",
  "color-corn-500": "#FFFCE4",
  "color-radical-100": "#C06379",
  "color-radical-200": "#CD8294",
  "color-radical-300": "#D9A1AF",
  "color-radical-400": "#E6C1C9",
  "color-radical-500": "#F2E0E4",
  "color-radical-600": "#C06363",
  "color-radical-700": "#986163",
  "color-patrick-blue-100": "#215190",
  "color-patrick-blue-200": "#535788",
  "color-patrick-blue-300": "#7E81A6",
  "color-patrick-blue-400": "#A9ABC3",
  "color-patrick-blue-500": "#D4D5D1",
  "color-salmon-100": "#4B9BAE",
  "color-salmon-200": "#6FAFBE",
  "color-salmon-300": "#93C3CE",
  "color-salmon-400": "#B7D7DF",
  "color-salmon-500": "#DBEBDF",
  "color-salmon-600": "#5099F4",
  "color-salmon-700": "#11CABE",
  "color-basic-100": "#FFFFFF",
  "color-basic-200": "#FAFAFA",
  "color-basic-300": "#F6F6F6",
  "color-basic-400": "#E0E0E0",
  "color-basic-500": "#F0F0F0",
  "color-basic-600": "#F5F7FA",
  "color-basic-700": "#1F2933",
  "color-basic-800": "#323F4B",
  "color-basic-900": "#CBD2D9",
  "color-basic-1000": "#3E517A",
  "color-basic-1100": "#A7B0BA",
  "color-basic-1200": "#7B8794",
  "color-basic-1300": "#3E4C59",
  "color-basic-1400": "#E4E7EB",
  "color-basic-1500": "#52606D",
  "color-basic-1600": "#616E7C",
  "color-basic-1700": "#343D46",
  "color-basic-1800": "#8F98A6",
  "color-basic-1900": "#6485B1",
  "color-basic-2000": "#37629B",
  "color-basic-2100": "#4D5766",
  "color-basic-2200": "#343E47",
  "color-basic-2300": "#FFCF5C",
  "color-basic-2400": "#7D8699",
  "color-great-100": "#17202A",
  "color-green-100": "#29FF24",
  "color-red-100": "#FF4747"
}