{
  "background-basic-color-1": "$color-basic-700",
  "background-basic-color-2": "$color-basic-800",
  "background-basic-color-3": "$color-basic-700",
  "background-basic-color-4": "$color-patrick-blue-100",
  "background-basic-color-5": "$color-salmon-100",
  "background-basic-color-6": "$color-radical-100",
  "background-basic-color-7": "$color-basic-1300",
  "background-basic-color-8": "$color-emerald-100",
  "text-basic-color": "$color-basic-600",
  "text-body-color": "$color-basic-1200",
  "text-white-color": "$color-basic-100",
  "text-black-color": "$color-basic-700",
  "text-salmon-color": "$color-salmon-100",
  "text-blue-color": "$color-patrick-blue-100",
  "text-note-color": "$color-basic-700",
  "text-grey-500": "$color-basic-1100",
  "text-grey-700": "$color-basic-1600",
  "text-grey-300": "$color-basic-1400",
  "text-grey-60": "$color-basic-1500",
  "text-snow-color": "$color-basic-900",
  "text-corn-color": "$color-corn-100",
  "text-placeholder-color": "$color-basic-1200",
  "text-primary-color": "$color-primary-100",
  "text-danger-color": "$color-radical-600",
  "text-success-color": "$color-salmon-600",
  "text-description-color": "$color-basic-1300",
  "text-details-color": "$color-basic-1200",
  "text-title-color": "$color-basic-800",
  "text-green-color": "$color-green-100",
  "text-red-color": "$color-red-100",
  "text-high-light-color": "$color-salmon-700",
  "text-input-primary-color": "$color-basic-100",
  "text-input-basic-color": "$color-basic-700",
  "text-input-info-color": "$color-basic-700",
  "icon-input-basic-color": "$color-basic-1100",
  "icon-basic-color": "$color-basic-100",
  "icon-primary-color": "$color-basic-1000",
  "color-basic-focus": "$color-basic-1000",
  "border-basic-color-1": "$color-basic-1100",
  "background-input-basic-color": "$color-basic-600",
  "background-input-primary-color": "$color-basic-1300",
  "background-input-info-color": "$color-basic-600",
  "dot-basic-color": "$color-salmon-100",
  "dot-primary-color": "$color-primary-100"
}